Name,Avg Points,Avg Yards,NPY/A,NRY/A,3rd%_x,4th%_x,Avg Points Let,Avg Yards Let,NPY/A Let,NRY/A Let,3rd%_y,4th%_y
Indianapolis Colts,32.625,404.6875,8.5,4.3,42.7%,57.1%,21.9375,370.5625,6.5,4.6,41.9%,32.1%
Kansas City Chiefs,30.1875,418.4375,7.4,4.6,47.2%,28.6%,27.1875,377.3125,7.5,4.6,38.4%,31.3%
San Diego Chargers,27.875,346.375,7.1,4.2,46.6%,62.5%,19.5625,335.0,6.4,3.7,35.2%,54.2%
New England Patriots,27.3125,357.625,7.0,4.1,45.1%,40.0%,16.25,310.75,5.8,3.9,38.8%,43.3%
Green Bay Packers,26.5,397.3125,7.3,4.3,47.3%,57.1%,23.75,346.3125,6.6,4.6,35.0%,55.6%
Minnesota Vikings,25.3125,396.1875,7.6,4.7,52.3%,60.0%,24.6875,368.875,6.7,4.6,45.9%,62.5%
Buffalo Bills,24.6875,293.1875,5.6,3.9,35.8%,47.6%,17.75,264.25,4.9,3.6,36.0%,73.3%
Philadelphia Eagles,24.125,351.125,6.8,4.4,36.9%,0.0%,16.25,319.6875,5.4,4.3,35.8%,47.4%
Denver Broncos,23.8125,395.75,7.5,4.4,37.7%,50.0%,19.0,278.6875,5.6,3.8,31.1%,35.7%
Cincinnati Bengals,23.375,321.25,5.8,4.2,40.2%,50.0%,23.25,335.3125,5.9,4.4,36.7%,33.3%
Pittsburgh Steelers,23.25,324.0,6.9,4.0,42.9%,58.3%,15.6875,258.375,5.4,3.6,32.6%,53.8%
Seattle Seahawks,23.1875,352.125,6.3,4.5,36.2%,54.5%,23.3125,351.3125,6.0,4.5,42.4%,66.7%
Carolina Panthers,22.1875,326.5625,6.4,3.7,40.3%,37.5%,21.1875,336.375,6.4,4.0,46.0%,50.0%
New Orleans Saints,21.75,324.5625,6.2,4.0,33.3%,50.0%,25.3125,383.8125,6.7,4.6,38.1%,85.7%
Tennessee Titans,21.5,342.9375,5.7,4.5,34.1%,44.4%,27.4375,357.75,6.8,4.6,33.3%,75.0%
Atlanta Falcons,21.25,317.75,5.4,5.1,36.3%,55.6%,21.0625,325.4375,6.2,3.9,36.0%,62.5%
New York Jets,20.8125,339.875,6.5,4.5,42.5%,50.0%,16.3125,304.875,6.2,3.6,38.0%,38.5%
Oakland Raiders,20.0,322.0625,6.3,4.0,35.5%,50.0%,27.625,371.0,7.3,3.7,47.4%,46.7%
St. Louis Rams,19.9375,367.3125,6.8,4.3,42.2%,68.4%,24.5,334.5625,6.0,4.5,36.4%,70.6%
Baltimore Ravens,19.8125,273.4375,4.6,4.2,35.1%,26.7%,16.75,300.1875,5.8,3.6,34.4%,25.0%
Houston Texans,19.3125,320.5,6.2,3.9,38.4%,61.9%,21.1875,341.125,6.5,4.4,43.4%,16.7%
New York Giants,18.9375,295.125,5.3,4.5,29.5%,21.1%,21.6875,324.1875,6.0,4.3,41.8%,42.9%
Tampa Bay Buccaneers,18.8125,310.1875,6.2,3.8,37.7%,66.7%,19.0,284.5,5.4,4.1,35.3%,37.5%
Detroit Lions,18.5,293.3125,5.4,4.4,31.4%,37.5%,21.875,337.5625,6.1,3.8,42.4%,36.8%
Dallas Cowboys,18.3125,324.8125,6.2,3.9,36.4%,52.9%,25.3125,330.3125,6.6,4.2,39.1%,28.6%
Arizona Cardinals,17.75,284.375,5.0,3.5,34.9%,41.7%,20.125,321.3125,5.6,4.7,31.6%,57.1%
Cleveland Browns,17.25,280.0625,5.9,3.8,29.1%,43.8%,24.375,325.9375,5.9,4.3,36.1%,43.8%
Miami Dolphins,17.1875,275.25,4.8,3.5,34.5%,50.0%,22.125,305.875,5.5,4.3,32.3%,72.7%
Jacksonville Jaguars,16.3125,313.0625,5.8,4.1,36.9%,55.6%,17.5,320.875,6.3,4.1,40.8%,50.0%
San Francisco 49ers,16.1875,286.5625,5.1,3.5,32.4%,73.7%,28.25,342.5625,6.7,4.0,40.3%,66.7%
Washington Redskins,15.0,274.8125,4.8,3.7,31.7%,36.4%,16.5625,267.5625,5.4,3.1,31.0%,41.2%
Chicago Bears,14.4375,238.5,4.1,3.8,25.1%,31.6%,20.6875,336.875,6.1,4.1,30.5%,26.7%
